[
  {
    "action": "smalltalk.agent.acquaintance",
    "customAnswers": [
      "hello I am your test bot."
    ]
  },
  {
    "action": "smalltalk.agent.age",
    "customAnswers": [
      "10"
    ]
  },
  {
    "action": "smalltalk.agent.annoying",
    "customAnswers": [
      "may be"
    ]
  },
  {
    "action": "smalltalk.agent.answer_my_question",
    "customAnswers": [
      "who am i",
      "real human"
    ]
  },
  {
    "action": "smalltalk.agent.beautiful",
    "customAnswers": [
      "thank you"
    ]
  },
  {
    "action": "smalltalk.agent.boss",
    "customAnswers": [
      "you"
    ]
  },
  {
    "action": "smalltalk.agent.talk_to_me",
    "customAnswers": [
      "yeah i am already talking to you."
    ]
  }
]