[
  {
    "id": "71bd2f9a-a91a-4069-a2eb-02d7ea5c93b3",
    "data": [
      {
        "text": "मी या अनुप्रयोगासाठी काय वापरू शकतो?",
        "userDefined": false
      }
    ],
    "isTemplate": false,
    "count": 0,
    "updated": 1551588519
  },
  {
    "id": "2e572635-bedf-4f19-814a-a59017e5504d",
    "data": [
      {
        "text": "या अॅपचा वापर कसा आहे?",
        "userDefined": false
      }
    ],
    "isTemplate": false,
    "count": 0,
    "updated": 1551588519
  },
  {
    "id": "6f65b9fb-4ad2-4d36-98dd-b57ea9082bef",
    "data": [
      {
        "text": "हा अॅप वापरकर्त्यास कसा मदत करू शकेल?",
        "userDefined": false
      }
    ],
    "isTemplate": false,
    "count": 0,
    "updated": 1551588519
  },
  {
    "id": "d4f85cbc-bf2a-4976-a355-886a8037acfd",
    "data": [
      {
        "text": "या अॅपबद्दल",
        "userDefined": false
      }
    ],
    "isTemplate": false,
    "count": 0,
    "updated": 1551588519
  },
  {
    "id": "31d6037c-3428-4002-afc0-25e3747c9e78",
    "data": [
      {
        "text": " about this app",
        "userDefined": false
      }
    ],
    "isTemplate": false,
    "count": 0,
    "updated": 1551588519
  },
  {
    "id": "b823987c-7290-4492-9ab4-3e6c097109fb",
    "data": [
      {
        "text": "How can this app help the user?",
        "userDefined": false
      }
    ],
    "isTemplate": false,
    "count": 0,
    "updated": 1551588519
  },
  {
    "id": "4e94a178-6550-4731-b395-f929c0e810c8",
    "data": [
      {
        "text": "what are the uses of this app?",
        "userDefined": false
      }
    ],
    "isTemplate": false,
    "count": 0,
    "updated": 1551588519
  },
  {
    "id": "24a79cf0-b381-4d60-8044-283c2323e514",
    "data": [
      {
        "text": "What can I use this ",
        "userDefined": false
      },
      {
        "text": "app",
        "meta": "@sys.ignore",
        "userDefined": true
      },
      {
        "text": " for?",
        "userDefined": false
      }
    ],
    "isTemplate": false,
    "count": 0,
    "updated": 1551588519
  }
]