[
  {
    "id": "9fc46763-2f76-4ba5-955a-baded6639607",
    "data": [
      {
        "text": "होय मला ब्लॅकहेड आहे",
        "userDefined": false
      }
    ],
    "isTemplate": false,
    "count": 0,
    "updated": 1551574757
  },
  {
    "id": "e81fde2d-02ef-4a64-82d3-9376cbafc481",
    "data": [
      {
        "text": "Yes i am having blackhead",
        "userDefined": false
      }
    ],
    "isTemplate": false,
    "count": 0,
    "updated": 1551326717
  }
]