[
  {
    "id": "32dc5017-404e-44cb-8b3e-92ed28b82511",
    "data": [
      {
        "text": "होय मला व्हाईटहेड आहे",
        "userDefined": false
      }
    ],
    "isTemplate": false,
    "count": 0,
    "updated": 1551575001
  },
  {
    "id": "ca52bf53-4189-4520-805a-77a71fc875cd",
    "data": [
      {
        "text": "Yes i am having whitehead",
        "userDefined": false
      }
    ],
    "isTemplate": false,
    "count": 0,
    "updated": 1551327244
  }
]