[
  {
    "id": "8e006356-6bc8-440a-88db-5286367c4a9d",
    "data": [
      {
        "text": "पुरळ",
        "userDefined": false
      }
    ],
    "isTemplate": false,
    "count": 0,
    "updated": 1551574508
  },
  {
    "id": "eb59e666-08f8-428a-af28-0854b0cd8248",
    "data": [
      {
        "text": "having ",
        "userDefined": false
      },
      {
        "text": "acne",
        "meta": "@sys.ignore",
        "userDefined": false
      }
    ],
    "isTemplate": false,
    "count": 0,
    "updated": 1551326565
  },
  {
    "id": "8221828d-177b-4f0f-bf61-b28541448c2d",
    "data": [
      {
        "text": "acne",
        "meta": "@sys.ignore",
        "userDefined": false
      }
    ],
    "isTemplate": false,
    "count": 0,
    "updated": 1551326565
  },
  {
    "id": "0bb1a07f-27b8-4c23-842c-72a4ff609f40",
    "data": [
      {
        "text": "i am suffering from ",
        "userDefined": false
      },
      {
        "text": "acne",
        "meta": "@sys.ignore",
        "userDefined": false
      }
    ],
    "isTemplate": false,
    "count": 0,
    "updated": 1551326565
  },
  {
    "id": "252ed3e6-7a5e-45a3-9f05-465ca36038e2",
    "data": [
      {
        "text": "I am having ",
        "userDefined": false
      },
      {
        "text": "acne",
        "meta": "@sys.ignore",
        "userDefined": false
      }
    ],
    "isTemplate": false,
    "count": 0,
    "updated": 1551326565
  }
]