[
  {
    "id": "a71f9c9b-e117-4c3d-8ddd-2431f64b6021",
    "data": [
      {
        "text": "डॉ सुरेश गुप्ता",
        "userDefined": false
      }
    ],
    "isTemplate": false,
    "count": 0,
    "updated": 1551604866
  },
  {
    "id": "69a23088-8a0c-4922-938f-28cbd96e354f",
    "data": [
      {
        "text": "डॉ सुष्मिता सेन",
        "userDefined": false
      }
    ],
    "isTemplate": false,
    "count": 0,
    "updated": 1551604866
  },
  {
    "id": "c186715e-92ec-494b-b7c4-fbbac63759db",
    "data": [
      {
        "text": "Dr. Sushmita Sen",
        "userDefined": false
      }
    ],
    "isTemplate": false,
    "count": 0,
    "updated": 1551604866
  },
  {
    "id": "56823525-336f-4938-b248-a97217ac5686",
    "data": [
      {
        "text": "Dr. ",
        "userDefined": false
      },
      {
        "text": "Suresh",
        "meta": "@sys.ignore",
        "userDefined": false
      },
      {
        "text": " Gupta",
        "userDefined": false
      }
    ],
    "isTemplate": false,
    "count": 0,
    "updated": 1551604866
  }
]