[
  {
    "id": "2d0df731-fbda-440f-b105-d61c0d75f621",
    "data": [
      {
        "text": "बीपी नाही",
        "userDefined": false
      }
    ],
    "isTemplate": false,
    "count": 0,
    "updated": 1551542914
  },
  {
    "id": "3910fbe0-adb4-410e-a36f-e462e90b8e42",
    "data": [
      {
        "text": "होय मला बीपी आहे",
        "userDefined": false
      }
    ],
    "isTemplate": false,
    "count": 0,
    "updated": 1551542914
  },
  {
    "id": "473f4cd7-5123-496c-a7f0-c742d320469a",
    "data": [
      {
        "text": "No",
        "alias": "response",
        "meta": "@response",
        "userDefined": false
      },
      {
        "text": " i dont have BP",
        "userDefined": false
      }
    ],
    "isTemplate": false,
    "count": 0,
    "updated": 1551521673
  },
  {
    "id": "de213365-e420-4e20-87b2-69c5cc11f57e",
    "data": [
      {
        "text": "yes",
        "alias": "response",
        "meta": "@response",
        "userDefined": false
      },
      {
        "text": " i am having BP",
        "userDefined": false
      }
    ],
    "isTemplate": false,
    "count": 0,
    "updated": 1551521673
  }
]