[
  {
    "id": "194a5d37-18e6-451a-a6c2-9139dc11a8db",
    "data": [
      {
        "text": "नाही माझ्याजवळ साखर नाही",
        "userDefined": false
      }
    ],
    "isTemplate": false,
    "count": 0,
    "updated": 1551542767
  },
  {
    "id": "168118fb-4b97-4fca-b607-6c8d76d3b55e",
    "data": [
      {
        "text": "होय माझ्याकडे साखर आहे",
        "userDefined": false
      }
    ],
    "isTemplate": false,
    "count": 0,
    "updated": 1551542767
  },
  {
    "id": "ed079c7b-6843-4e65-8d2a-d3fd2668517b",
    "data": [
      {
        "text": "Yes",
        "alias": "response",
        "meta": "@response",
        "userDefined": false
      },
      {
        "text": " I have ",
        "userDefined": false
      },
      {
        "text": "diabetes",
        "alias": "disease",
        "meta": "@disease",
        "userDefined": false
      }
    ],
    "isTemplate": false,
    "count": 0,
    "updated": 1551534837
  },
  {
    "id": "bfbdf4a2-ea2e-4e93-ad86-0ba6ba767a51",
    "data": [
      {
        "text": "होय मला साखर आहे",
        "userDefined": false
      }
    ],
    "isTemplate": false,
    "count": 0,
    "updated": 1551534837
  },
  {
    "id": "8fd0e41b-0014-4b21-8911-2ae3c3e26a4a",
    "data": [
      {
        "text": "no",
        "alias": "response",
        "meta": "@response",
        "userDefined": false
      },
      {
        "text": " i dont have ",
        "userDefined": false
      },
      {
        "text": "diabetes",
        "alias": "disease",
        "meta": "@disease",
        "userDefined": false
      }
    ],
    "isTemplate": false,
    "count": 0,
    "updated": 1551534837
  },
  {
    "id": "d1e9c614-bd52-40f8-b165-4fab863e6b2e",
    "data": [
      {
        "text": "नाही मला मधुमेह नाही",
        "userDefined": false
      }
    ],
    "isTemplate": false,
    "count": 0,
    "updated": 1551534837
  },
  {
    "id": "ed880053-aaf4-4895-9836-cf99252aeed5",
    "data": [
      {
        "text": "not",
        "alias": "response",
        "meta": "@response",
        "userDefined": false
      },
      {
        "text": " having ",
        "userDefined": false
      },
      {
        "text": "diabetes",
        "alias": "disease",
        "meta": "@disease",
        "userDefined": false
      }
    ],
    "isTemplate": false,
    "count": 0,
    "updated": 1551534837
  },
  {
    "id": "e914188e-70cf-44e9-9485-60a92c323091",
    "data": [
      {
        "text": "मधुमेह नसतो",
        "userDefined": false
      }
    ],
    "isTemplate": false,
    "count": 0,
    "updated": 1551534837
  },
  {
    "id": "3d51536b-00e8-4e37-906d-6c6dc03b974e",
    "data": [
      {
        "text": "having ",
        "userDefined": false
      },
      {
        "text": "diabetes",
        "alias": "disease",
        "meta": "@disease",
        "userDefined": false
      }
    ],
    "isTemplate": false,
    "count": 0,
    "updated": 1551534837
  },
  {
    "id": "b5cc7a24-d22f-4bd7-b109-b8627d2228f3",
    "data": [
      {
        "text": "मधुमेह असणे",
        "userDefined": false
      }
    ],
    "isTemplate": false,
    "count": 0,
    "updated": 1551534837
  },
  {
    "id": "cd61398c-26cf-41dd-98d6-426010684251",
    "data": [
      {
        "text": "having sugar",
        "userDefined": false
      }
    ],
    "isTemplate": false,
    "count": 0,
    "updated": 1551521157
  },
  {
    "id": "bcfac582-617d-4cd2-8eef-40d863ba9368",
    "data": [
      {
        "text": "not",
        "alias": "response",
        "meta": "@response",
        "userDefined": false
      },
      {
        "text": " having sugar",
        "userDefined": false
      }
    ],
    "isTemplate": false,
    "count": 0,
    "updated": 1551521157
  },
  {
    "id": "be8bf149-37ff-4dde-a704-4544f192bfde",
    "data": [
      {
        "text": "no i dont have sugar",
        "userDefined": false
      }
    ],
    "isTemplate": false,
    "count": 0,
    "updated": 1551521157
  },
  {
    "id": "c7627ac8-0a7a-4909-bb7e-985e864393d5",
    "data": [
      {
        "text": "Yes",
        "alias": "response",
        "meta": "@response",
        "userDefined": false
      },
      {
        "text": " i am having sugar",
        "userDefined": false
      }
    ],
    "isTemplate": false,
    "count": 0,
    "updated": 1551521157
  }
]