[
  {
    "id": "04c3e012-74de-44a7-b2cc-4aa0030f8b79",
    "data": [
      {
        "text": "रक्त बँका",
        "userDefined": false
      }
    ],
    "isTemplate": false,
    "count": 0,
    "updated": 1551609377
  },
  {
    "id": "78168195-058f-449e-ac6c-c0391c6482e1",
    "data": [
      {
        "text": "blood banks",
        "userDefined": false
      }
    ],
    "isTemplate": false,
    "count": 0,
    "updated": 1551609377
  },
  {
    "id": "2c262bba-55ab-4b49-913f-e9288e733ead",
    "data": [
      {
        "text": "blood banks near me",
        "userDefined": false
      }
    ],
    "isTemplate": false,
    "count": 0,
    "updated": 1551609377
  },
  {
    "id": "4fec9ee2-1524-417d-936d-a7338933fe4e",
    "data": [
      {
        "text": "मला जवळील रक्त बँका",
        "userDefined": false
      }
    ],
    "isTemplate": false,
    "count": 0,
    "updated": 1551609377
  }
]