[
  {
    "id": "80359068-6410-4ca1-84bd-3f7bf1aab975",
    "data": [
      {
        "text": "call ambulance",
        "userDefined": false
      }
    ],
    "isTemplate": false,
    "count": 0,
    "updated": 1551611388
  },
  {
    "id": "dfedcbac-ed7e-44f6-a8fc-7f1fcd50d7ef",
    "data": [
      {
        "text": "एंबुलन्स बुक करा",
        "userDefined": false
      }
    ],
    "isTemplate": false,
    "count": 0,
    "updated": 1551610797
  },
  {
    "id": "36b943bd-6394-438a-bd26-b6a94fa0aa02",
    "data": [
      {
        "text": "book an ambulance",
        "userDefined": false
      }
    ],
    "isTemplate": false,
    "count": 0,
    "updated": 1551610797
  },
  {
    "id": "ecc38445-eb5a-4ec5-9074-23a5e67823cb",
    "data": [
      {
        "text": "book ambulance",
        "userDefined": false
      }
    ],
    "isTemplate": false,
    "count": 0,
    "updated": 1551610797
  },
  {
    "id": "cff73551-89ce-4002-a6e5-e9d4c558c2fb",
    "data": [
      {
        "text": "पुस्तक एम्बुलन्स",
        "userDefined": false
      }
    ],
    "isTemplate": false,
    "count": 0,
    "updated": 1551610797
  }
]