[
  {
    "id": "37491a8d-2532-492b-9a69-65d2f932a7e6",
    "data": [
      {
        "text": "मी भेट देऊ शकतो का?",
        "userDefined": false
      }
    ],
    "isTemplate": false,
    "count": 0,
    "updated": 1551604076
  },
  {
    "id": "864fbab7-d354-40cb-83a2-96dd2e9fa980",
    "data": [
      {
        "text": "मी भेटी घेऊ शकतो का?",
        "userDefined": false
      }
    ],
    "isTemplate": false,
    "count": 0,
    "updated": 1551604076
  },
  {
    "id": "19d9e2f5-8427-4b53-9799-73ff2b6d3ea5",
    "data": [
      {
        "text": "मी एक अपॉईंटमेंट बनवू इच्छितो.",
        "userDefined": false
      }
    ],
    "isTemplate": false,
    "count": 0,
    "updated": 1551604076
  },
  {
    "id": "6ffa96c9-9dd9-4aae-9be9-0fdf2fec84c5",
    "data": [
      {
        "text": "मी एक सल्ला बुक करू इच्छित आहे",
        "userDefined": false
      }
    ],
    "isTemplate": false,
    "count": 0,
    "updated": 1551604076
  },
  {
    "id": "acef7292-145a-4aa1-ba53-5de36386fe00",
    "data": [
      {
        "text": "मी सल्ला घेऊ शकतो का?",
        "userDefined": false
      }
    ],
    "isTemplate": false,
    "count": 0,
    "updated": 1551604076
  },
  {
    "id": "56ab43bc-0e9b-4447-8e5d-38a8ddc57ca4",
    "data": [
      {
        "text": "May I get a consultation?",
        "userDefined": false
      }
    ],
    "isTemplate": false,
    "count": 0,
    "updated": 1551602382
  },
  {
    "id": "8a338f41-a362-4664-9b77-5c467c1fd969",
    "data": [
      {
        "text": "I would like to book a consultation",
        "userDefined": false
      }
    ],
    "isTemplate": false,
    "count": 0,
    "updated": 1551602382
  },
  {
    "id": "6a4bc3be-067d-478f-888f-e2937726e072",
    "data": [
      {
        "text": "I would like to make an ",
        "userDefined": false
      },
      {
        "text": "appointment.",
        "alias": "Appointment",
        "meta": "@Appointment",
        "userDefined": false
      }
    ],
    "isTemplate": false,
    "count": 0,
    "updated": 1551602382
  },
  {
    "id": "b9d75f9e-5111-49e4-b17a-96fb26479628",
    "data": [
      {
        "text": "May I get an ",
        "userDefined": false
      },
      {
        "text": "appointment",
        "alias": "Appointment",
        "meta": "@Appointment",
        "userDefined": false
      },
      {
        "text": "?",
        "userDefined": false
      }
    ],
    "isTemplate": false,
    "count": 0,
    "updated": 1551602382
  },
  {
    "id": "923a245a-21b8-4a48-a29e-7f924ecfba47",
    "data": [
      {
        "text": "Can I get an ",
        "userDefined": false
      },
      {
        "text": "appointment",
        "alias": "Appointment",
        "meta": "@Appointment",
        "userDefined": false
      },
      {
        "text": "?",
        "userDefined": false
      }
    ],
    "isTemplate": false,
    "count": 0,
    "updated": 1551602382
  },
  {
    "id": "54890427-07e8-45a2-9c4d-c9ccdca3d250",
    "data": [
      {
        "text": "नियुक्ती निश्चित करा",
        "userDefined": false
      }
    ],
    "isTemplate": false,
    "count": 0,
    "updated": 1551604076
  },
  {
    "id": "30c1fa99-a357-4f27-9832-f1b1715f0a34",
    "data": [
      {
        "text": "कृपया माझा सल्ला निश्चित करा?",
        "userDefined": false
      }
    ],
    "isTemplate": false,
    "count": 0,
    "updated": 1551604076
  },
  {
    "id": "b4bb4353-3696-432a-bff5-b2b2e7e3fa42",
    "data": [
      {
        "text": "सल्ला",
        "userDefined": false
      }
    ],
    "isTemplate": false,
    "count": 0,
    "updated": 1551604076
  },
  {
    "id": "f937fcb6-a5d5-41bd-8a1b-e1e42b62e75f",
    "data": [
      {
        "text": "माझे परामर्श बुक करा",
        "userDefined": false
      }
    ],
    "isTemplate": false,
    "count": 0,
    "updated": 1551604076
  },
  {
    "id": "8f27fc4f-b623-407b-bc24-4a26de46f45a",
    "data": [
      {
        "text": "मला एक सल्ला घ्यावा लागेल",
        "userDefined": false
      }
    ],
    "isTemplate": false,
    "count": 0,
    "updated": 1551604076
  },
  {
    "id": "fb1ae2b7-4f62-4f60-b155-7204ea8c42f9",
    "data": [
      {
        "text": "I have to book a ",
        "userDefined": false
      },
      {
        "text": "consultation",
        "alias": "Appointment",
        "meta": "@Appointment",
        "userDefined": true
      }
    ],
    "isTemplate": false,
    "count": 0,
    "updated": 1551602382
  },
  {
    "id": "f1020b42-b404-4a24-9424-79ac5f16e392",
    "data": [
      {
        "text": "Book my ",
        "userDefined": false
      },
      {
        "text": "consultation",
        "alias": "Appointment",
        "meta": "@Appointment",
        "userDefined": true
      }
    ],
    "isTemplate": false,
    "count": 0,
    "updated": 1551602382
  },
  {
    "id": "400718c8-5745-4bab-86e9-3a88397ec586",
    "data": [
      {
        "text": "consultation",
        "alias": "Appointment",
        "meta": "@Appointment",
        "userDefined": true
      }
    ],
    "isTemplate": false,
    "count": 0,
    "updated": 1551602382
  },
  {
    "id": "9e484baa-bb36-43ea-b71c-277a9e3a38e1",
    "data": [
      {
        "text": "please fix my ",
        "userDefined": false
      },
      {
        "text": "consultation?",
        "alias": "Appointment",
        "meta": "@Appointment",
        "userDefined": true
      }
    ],
    "isTemplate": false,
    "count": 0,
    "updated": 1551602382
  },
  {
    "id": "ab5a67b9-d882-4144-af82-322d7c92d043",
    "data": [
      {
        "text": "fix ",
        "userDefined": false
      },
      {
        "text": "appointment",
        "alias": "Appointment",
        "meta": "@Appointment",
        "userDefined": false
      }
    ],
    "isTemplate": false,
    "count": 0,
    "updated": 1551602382
  },
  {
    "id": "7e353624-1725-4cf7-b0f0-4fd80eafd76e",
    "data": [
      {
        "text": "मला एक अपॉइंटमेंट बुक करावे लागेल",
        "userDefined": false
      }
    ],
    "isTemplate": false,
    "count": 0,
    "updated": 1551604076
  },
  {
    "id": "bb576ef6-0b0a-49c2-aafc-c075c246c911",
    "data": [
      {
        "text": "कृपया माझ्या भेटीची नोंद करा",
        "userDefined": false
      }
    ],
    "isTemplate": false,
    "count": 0,
    "updated": 1551604076
  },
  {
    "id": "48e843df-6293-484a-9b84-2a4c76e79f17",
    "data": [
      {
        "text": "तुम्ही माझी नियुक्ती बुक करू शकता का?",
        "userDefined": false
      }
    ],
    "isTemplate": false,
    "count": 0,
    "updated": 1551604076
  },
  {
    "id": "6309bb15-d612-4e15-9ada-647a61caa33e",
    "data": [
      {
        "text": "कृपया माझी नेमणूक निश्चित करायची?",
        "userDefined": false
      }
    ],
    "isTemplate": false,
    "count": 0,
    "updated": 1551604076
  },
  {
    "id": "d44c7991-7c72-4742-ba6e-0cd278356184",
    "data": [
      {
        "text": "Please fix my ",
        "userDefined": false
      },
      {
        "text": "appointment",
        "alias": "Appointment",
        "meta": "@Appointment",
        "userDefined": false
      },
      {
        "text": "?",
        "userDefined": false
      }
    ],
    "isTemplate": false,
    "count": 0,
    "updated": 1551602382
  },
  {
    "id": "37bababa-56ca-4dd7-9110-c8dfbcbbf961",
    "data": [
      {
        "text": "Can you  book my ",
        "userDefined": false
      },
      {
        "text": "appointment",
        "alias": "Appointment",
        "meta": "@Appointment",
        "userDefined": false
      },
      {
        "text": "?",
        "userDefined": false
      }
    ],
    "isTemplate": false,
    "count": 0,
    "updated": 1551602382
  },
  {
    "id": "bcaae2ea-dc0e-4610-95b3-8817a98274e4",
    "data": [
      {
        "text": "please book my ",
        "userDefined": false
      },
      {
        "text": "appointment",
        "alias": "Appointment",
        "meta": "@Appointment",
        "userDefined": false
      }
    ],
    "isTemplate": false,
    "count": 0,
    "updated": 1551602382
  },
  {
    "id": "4955cc8e-bf5f-405b-b46c-a493a1525942",
    "data": [
      {
        "text": "I have to  book an ",
        "userDefined": false
      },
      {
        "text": "appointment",
        "alias": "Appointment",
        "meta": "@Appointment",
        "userDefined": false
      }
    ],
    "isTemplate": false,
    "count": 0,
    "updated": 1551602382
  },
  {
    "id": "0d651665-abd6-444c-b81d-6af89e0af76d",
    "data": [
      {
        "text": "बुक  नियुक्ती",
        "userDefined": false
      }
    ],
    "isTemplate": false,
    "count": 0,
    "updated": 1551539497
  },
  {
    "id": "cd35b5e0-a7bc-4e77-b168-8c43582ea1d3",
    "data": [
      {
        "text": "Book an ",
        "userDefined": false
      },
      {
        "text": "appointment",
        "alias": "Appointment",
        "meta": "@Appointment",
        "userDefined": false
      }
    ],
    "isTemplate": false,
    "count": 0,
    "updated": 1551533943
  },
  {
    "id": "1f69a849-dadc-4053-9dff-f1f8086fa632",
    "data": [
      {
        "text": "नियुक्ती बुक करा",
        "userDefined": false
      }
    ],
    "isTemplate": false,
    "count": 0,
    "updated": 1551531454
  },
  {
    "id": "c6d88e59-5004-439a-b8ab-6a0841c6959e",
    "data": [
      {
        "text": "Book ",
        "userDefined": false
      },
      {
        "text": "Appointment",
        "meta": "@sys.ignore",
        "userDefined": false
      }
    ],
    "isTemplate": false,
    "count": 0,
    "updated": 1550745600
  }
]