[
  {
    "id": "ef2c7a95-4be2-42f8-8fbe-03a6e781d2cd",
    "data": [
      {
        "text": "डॉ. रोहित मेहरा",
        "userDefined": false
      }
    ],
    "isTemplate": false,
    "count": 0,
    "updated": 1551604971
  },
  {
    "id": "e52e4e28-291a-4b2e-a3bb-60eda5f724a6",
    "data": [
      {
        "text": "डॉ शिवंगी बत्रा",
        "userDefined": false
      }
    ],
    "isTemplate": false,
    "count": 0,
    "updated": 1551604971
  },
  {
    "id": "d099a95f-ea06-456b-a4e4-345c1219fb97",
    "data": [
      {
        "text": "Dr. Shivangi Batra",
        "userDefined": false
      }
    ],
    "isTemplate": false,
    "count": 0,
    "updated": 1551604971
  },
  {
    "id": "ed9986e1-35a7-4110-86b7-7a0c8a7abd5a",
    "data": [
      {
        "text": "Dr. Rohit Mehra",
        "userDefined": false
      }
    ],
    "isTemplate": false,
    "count": 0,
    "updated": 1551604971
  }
]