[
  {
    "id": "1c1a0a60-80be-45cb-add0-b2d904907173",
    "data": [
      {
        "text": "माझ्या जवळचे रसायनशास्त्रज्ञ दाखवा",
        "userDefined": false
      }
    ],
    "isTemplate": false,
    "count": 0,
    "updated": 1551609291
  },
  {
    "id": "0f4d0c53-ef35-4532-9910-6912e3c8fbe9",
    "data": [
      {
        "text": "माझ्या जवळचे रसायनशास्त्रज्ञ",
        "userDefined": false
      }
    ],
    "isTemplate": false,
    "count": 0,
    "updated": 1551609291
  },
  {
    "id": "5289ea6a-e82d-49e9-baff-ec01eb1e5b68",
    "data": [
      {
        "text": "रसायनशास्त्रज्ञ",
        "userDefined": false
      }
    ],
    "isTemplate": false,
    "count": 1,
    "updated": 1551609291
  },
  {
    "id": "fc3a4e17-938e-445f-8557-602155dd3fc8",
    "data": [
      {
        "text": "केमिस्ट कुठे आहे",
        "userDefined": false
      }
    ],
    "isTemplate": false,
    "count": 0,
    "updated": 1551609291
  },
  {
    "id": "ddc2a7a2-220e-433b-a57e-ee4532e7531c",
    "data": [
      {
        "text": "जवळपास केमिस्ट्स",
        "userDefined": false
      }
    ],
    "isTemplate": false,
    "count": 0,
    "updated": 1551609291
  },
  {
    "id": "fe944a0a-f5d1-4e07-bf24-92e61aa4b832",
    "data": [
      {
        "text": "nearby chemists",
        "userDefined": false
      }
    ],
    "isTemplate": false,
    "count": 0,
    "updated": 1551602482
  },
  {
    "id": "13e91d9c-663a-44ea-b2a2-e4b05a4071db",
    "data": [
      {
        "text": "where are the chemist",
        "userDefined": false
      }
    ],
    "isTemplate": false,
    "count": 0,
    "updated": 1551602482
  },
  {
    "id": "a80d7395-1f2c-4a9c-97cb-ef5ca35c29fe",
    "data": [
      {
        "text": "chemist",
        "userDefined": false
      }
    ],
    "isTemplate": false,
    "count": 0,
    "updated": 1551602482
  },
  {
    "id": "0f450d87-2ed8-4bfc-95e8-aacfa71ed383",
    "data": [
      {
        "text": "chemists",
        "userDefined": false
      }
    ],
    "isTemplate": false,
    "count": 0,
    "updated": 1551602482
  },
  {
    "id": "20f67428-f6d8-4088-b736-764846af4586",
    "data": [
      {
        "text": "chemists near me",
        "userDefined": false
      }
    ],
    "isTemplate": false,
    "count": 0,
    "updated": 1551602482
  },
  {
    "id": "1e893fc2-a4fb-467a-a2ee-0071973099e8",
    "data": [
      {
        "text": "show the chemists near me",
        "userDefined": false
      }
    ],
    "isTemplate": false,
    "count": 0,
    "updated": 1551602482
  }
]