[
  {
    "id": "b349d898-770b-42d0-b297-f6770dcc5069",
    "data": [
      {
        "text": "डॉ सुधीर सेठ",
        "userDefined": false
      }
    ],
    "isTemplate": false,
    "count": 0,
    "updated": 1551605212
  },
  {
    "id": "4d1a4330-ba20-448d-8020-5e9f73beb058",
    "data": [
      {
        "text": "डॉ ममता बॅनर्जी",
        "userDefined": false
      }
    ],
    "isTemplate": false,
    "count": 0,
    "updated": 1551605212
  },
  {
    "id": "53ced586-95d3-4974-b4dc-c0ed1393de6b",
    "data": [
      {
        "text": "Dr. Mamta Banerjee",
        "userDefined": false
      }
    ],
    "isTemplate": false,
    "count": 0,
    "updated": 1551518759
  },
  {
    "id": "5c303ca0-d30c-4808-ba49-dcdf3a21d082",
    "data": [
      {
        "text": "Dr. Sudhir Seth",
        "userDefined": false
      }
    ],
    "isTemplate": false,
    "count": 0,
    "updated": 1551518759
  }
]