[
  {
    "id": "426887c5-a204-4e6a-97e3-8efc3a444973",
    "data": [
      {
        "text": "कोलन आणि रेक्टल सर्जन",
        "userDefined": false
      }
    ],
    "isTemplate": false,
    "count": 0,
    "updated": 1551550932
  },
  {
    "id": "c98ca79f-7dbd-40d7-8f74-608ee171f19d",
    "data": [
      {
        "text": "Colon And Rectal Surgeons",
        "userDefined": false
      }
    ],
    "isTemplate": false,
    "count": 0,
    "updated": 1551518504
  }
]