[
  {
    "id": "cb4cba5e-a347-401f-84ad-5b9a908f1de6",
    "data": [
      {
        "text": "डॉ सुरेश",
        "userDefined": false
      }
    ],
    "isTemplate": false,
    "count": 0,
    "updated": 1551605122
  },
  {
    "id": "532190b2-476d-4ce9-8d73-e25429734c96",
    "data": [
      {
        "text": "डॉ. पलक गुप्ता",
        "userDefined": false
      }
    ],
    "isTemplate": false,
    "count": 0,
    "updated": 1551605122
  },
  {
    "id": "0db8ed12-d284-4506-8bda-d2cdf095e5f5",
    "data": [
      {
        "text": "Dr. Palak Gupta",
        "userDefined": false
      }
    ],
    "isTemplate": false,
    "count": 0,
    "updated": 1551605122
  },
  {
    "id": "a0d52015-8b54-4323-8f2b-ed7632f7ded3",
    "data": [
      {
        "text": "Dr. ",
        "userDefined": false
      },
      {
        "text": "Suresh",
        "meta": "@sys.ignore",
        "userDefined": false
      }
    ],
    "isTemplate": false,
    "count": 0,
    "updated": 1551605122
  }
]