[
  {
    "id": "ae7f425c-f1d1-4ccf-b8b2-281c39578522",
    "data": [
      {
        "text": "मधुमेह",
        "userDefined": false
      }
    ],
    "isTemplate": false,
    "count": 0,
    "updated": 1551579283
  },
  {
    "id": "2ae129ce-94c6-4a55-8426-a3975b682933",
    "data": [
      {
        "text": "मी मधुमेह ग्रस्त आहे",
        "userDefined": false
      }
    ],
    "isTemplate": false,
    "count": 0,
    "updated": 1551581839
  },
  {
    "id": "2685824c-e0f6-4bcb-9829-d5465d6412e1",
    "data": [
      {
        "text": "I am having ",
        "userDefined": false
      },
      {
        "text": "diabetes",
        "meta": "@sys.ignore",
        "userDefined": false
      }
    ],
    "isTemplate": false,
    "count": 0,
    "updated": 1551503573
  },
  {
    "id": "df7f967f-d89e-45a5-adf7-4bde42b7180d",
    "data": [
      {
        "text": "I have ",
        "userDefined": false
      },
      {
        "text": "diabetes",
        "meta": "@sys.ignore",
        "userDefined": false
      }
    ],
    "isTemplate": false,
    "count": 0,
    "updated": 1551503573
  },
  {
    "id": "4b824697-9823-4071-8b20-027858ba9018",
    "data": [
      {
        "text": "Diabetes",
        "meta": "@sys.ignore",
        "userDefined": true
      }
    ],
    "isTemplate": false,
    "count": 0,
    "updated": 1551503573
  }
]