[
  {
    "id": "c3e4cc87-95a2-4dd0-9018-8c556b984b48",
    "data": [
      {
        "text": "40 वर्षे जुन्या",
        "userDefined": false
      }
    ],
    "isTemplate": false,
    "count": 0,
    "updated": 1551581912
  },
  {
    "id": "a1f2cf92-c08d-4de7-ae2e-7740dd2550fb",
    "data": [
      {
        "text": "40 वर्षे वयाखालील",
        "userDefined": false
      }
    ],
    "isTemplate": false,
    "count": 0,
    "updated": 1551581638
  }
]