[
  {
    "id": "3757a6cb-b1ba-4c2b-ba63-37c65bdb6ff9",
    "data": [
      {
        "text": "what can you do for me",
        "userDefined": false
      }
    ],
    "isTemplate": false,
    "count": 0,
    "updated": 1551497316
  },
  {
    "id": "8a4cddfd-9dd6-402f-b9f5-3af279ff0064",
    "data": [
      {
        "text": "do something",
        "userDefined": false
      }
    ],
    "isTemplate": false,
    "count": 0,
    "updated": 1550566232
  },
  {
    "id": "b118a19a-90c8-4c62-a1a1-47d3558a73bb",
    "data": [
      {
        "text": "do something for me",
        "userDefined": false
      }
    ],
    "isTemplate": false,
    "count": 0,
    "updated": 1550566232
  },
  {
    "id": "6beb7691-0782-40f8-a63b-b7f56e6462ff",
    "data": [
      {
        "text": "help me",
        "userDefined": false
      }
    ],
    "isTemplate": false,
    "count": 0,
    "updated": 1550482965
  },
  {
    "id": "32a12cc4-d2c4-48a6-9bec-37e1deb5e6c5",
    "data": [
      {
        "text": "i am not well",
        "userDefined": false
      }
    ],
    "isTemplate": false,
    "count": 0,
    "updated": 1550482965
  },
  {
    "id": "6e856239-2b5a-4539-ad53-18f5f01ef15c",
    "data": [
      {
        "text": "Please help me.",
        "userDefined": false
      }
    ],
    "isTemplate": false,
    "count": 0,
    "updated": 1550566232
  },
  {
    "id": "f1d06351-0431-47fe-a5f2-a586900ac300",
    "data": [
      {
        "text": "My health is not good",
        "userDefined": false
      }
    ],
    "isTemplate": false,
    "count": 0,
    "updated": 1550482826
  },
  {
    "id": "95b8fb26-d6db-4f76-97ff-68503dfa26d3",
    "data": [
      {
        "text": "i am feeling low",
        "userDefined": false
      }
    ],
    "isTemplate": false,
    "count": 0,
    "updated": 1550482826
  },
  {
    "id": "dc5bacf6-d7f6-44bc-a7a2-663193c14c03",
    "data": [
      {
        "text": "I am sick",
        "userDefined": false
      }
    ],
    "isTemplate": false,
    "count": 0,
    "updated": 1550482826
  },
  {
    "id": "6962e533-be11-434e-8c7a-4fdc0dc7b0ef",
    "data": [
      {
        "text": "I am not feeling well",
        "userDefined": false
      }
    ],
    "isTemplate": false,
    "count": 0,
    "updated": 1550482826
  }
]