[
  {
    "id": "47606f23-804a-4cd6-8199-fbea41acb490",
    "data": [
      {
        "text": "निदान आजार",
        "userDefined": false
      }
    ],
    "isTemplate": false,
    "count": 0,
    "updated": 1551539964
  },
  {
    "id": "16354e6b-dc67-4baf-84f9-42a3f017d6f7",
    "data": [
      {
        "text": "diagnose a disease",
        "userDefined": false
      }
    ],
    "isTemplate": false,
    "count": 0,
    "updated": 1551497365
  },
  {
    "id": "3719e2d7-6265-455a-81ad-4cd79283766f",
    "data": [
      {
        "text": "diagnose",
        "userDefined": false
      }
    ],
    "isTemplate": false,
    "count": 0,
    "updated": 1550564838
  },
  {
    "id": "3444fdd3-dfbb-4de2-8f07-a26d9c112b3d",
    "data": [
      {
        "text": "can you tell me what is the problem with my health",
        "userDefined": false
      }
    ],
    "isTemplate": false,
    "count": 0,
    "updated": 1550564838
  },
  {
    "id": "a5b66c96-e9d5-44b4-8511-940e2b6b8e0c",
    "data": [
      {
        "text": "there\u0027s problem with my health",
        "userDefined": false
      }
    ],
    "isTemplate": false,
    "count": 0,
    "updated": 1550564838
  },
  {
    "id": "6e1a1adb-02d1-4313-8b7c-14e94695262c",
    "data": [
      {
        "text": "I have a  health issue",
        "userDefined": false
      }
    ],
    "isTemplate": false,
    "count": 0,
    "updated": 1550564838
  },
  {
    "id": "c4b4c805-0133-48bf-a99a-08f985a6cda9",
    "data": [
      {
        "text": "Help me in finding cure to my disease",
        "userDefined": false
      }
    ],
    "isTemplate": false,
    "count": 0,
    "updated": 1550564838
  },
  {
    "id": "975fee00-2198-4891-b14f-f9acadb2535b",
    "data": [
      {
        "text": "Please diagnose my disease",
        "userDefined": false
      }
    ],
    "isTemplate": false,
    "count": 0,
    "updated": 1550564838
  },
  {
    "id": "b89122d7-8d61-4cba-9114-bc17dced3f0f",
    "data": [
      {
        "text": "I am not feeling well",
        "userDefined": false
      }
    ],
    "isTemplate": false,
    "count": 0,
    "updated": 1550564838
  },
  {
    "id": "963cb234-0486-4ccf-b345-3981fad6d90b",
    "data": [
      {
        "text": "I am feeling feverish",
        "userDefined": false
      }
    ],
    "isTemplate": false,
    "count": 0,
    "updated": 1550564838
  }
]