[
  {
    "id": "1c34c56b-96ac-47af-9731-c1dc61ac4b82",
    "data": [
      {
        "text": " लवकर गर्भधारणा काळजी",
        "userDefined": false
      }
    ],
    "isTemplate": false,
    "count": 0,
    "updated": 1551588968
  },
  {
    "id": "f701318a-c045-4f60-b650-ce2de445de92",
    "data": [
      {
        "text": "early pregnancy care",
        "userDefined": false
      }
    ],
    "isTemplate": false,
    "count": 0,
    "updated": 1551588968
  }
]