[
  {
    "id": "701bbed6-dcb1-4f33-8f7c-327879f8428a",
    "data": [
      {
        "text": "आपत्कालीन परिस्थितीत काय करावे?",
        "userDefined": false
      }
    ],
    "isTemplate": false,
    "count": 0,
    "updated": 1551589104
  },
  {
    "id": "915287e9-ccf1-4812-94b8-3baf8654d47c",
    "data": [
      {
        "text": "आणीबाणी",
        "userDefined": false
      }
    ],
    "isTemplate": false,
    "count": 0,
    "updated": 1551589104
  },
  {
    "id": "4e97812b-25fd-4fac-ab9d-566247bc7d03",
    "data": [
      {
        "text": "emergency?",
        "userDefined": false
      }
    ],
    "isTemplate": false,
    "count": 0,
    "updated": 1551589104
  },
  {
    "id": "a789cf6d-b802-43f4-8366-b1c2a7cc53d3",
    "data": [
      {
        "text": "What to do in case of an emergency?",
        "userDefined": false
      }
    ],
    "isTemplate": false,
    "count": 0,
    "updated": 1551589104
  },
  {
    "id": "e46b16ff-8735-472a-8ac2-8e1bf4e4feae",
    "data": [
      {
        "text": " हा अॅप आपत्कालीन काळात कोणत्याही मदतीसाठी असू शकतो?",
        "userDefined": false
      }
    ],
    "isTemplate": false,
    "count": 0,
    "updated": 1551589104
  },
  {
    "id": "3ded29f9-d9d6-4dc0-92e9-3d53146af7e0",
    "data": [
      {
        "text": "Can I use this app in emergencies?",
        "userDefined": false
      }
    ],
    "isTemplate": false,
    "count": 0,
    "updated": 1551112048
  }
]