[
  {
    "id": "ad079994-17fc-4d4e-b691-7e2b8c10171e",
    "data": [
      {
        "text": "मला ताप येत आहे",
        "userDefined": false
      }
    ],
    "isTemplate": false,
    "count": 0,
    "updated": 1551568341
  },
  {
    "id": "f0550652-9d54-44bc-ae0e-778a16059247",
    "data": [
      {
        "text": "मी तापाने ग्रस्त आहे",
        "userDefined": false
      }
    ],
    "isTemplate": false,
    "count": 0,
    "updated": 1551568341
  },
  {
    "id": "3828f6db-fd98-4bcd-b09b-21c3c2d7847b",
    "data": [
      {
        "text": "ताप",
        "userDefined": false
      }
    ],
    "isTemplate": false,
    "count": 0,
    "updated": 1551568341
  },
  {
    "id": "e6cf4901-5702-4052-b336-d27c9b4c86b8",
    "data": [
      {
        "text": "fever",
        "meta": "@sys.ignore",
        "userDefined": false
      }
    ],
    "isTemplate": false,
    "count": 0,
    "updated": 1550831053
  },
  {
    "id": "bb179dd1-6df9-47ec-8c82-29327a46d517",
    "data": [
      {
        "text": "Fever",
        "userDefined": false
      }
    ],
    "isTemplate": false,
    "count": 1,
    "updated": 1551568341
  },
  {
    "id": "e494cf64-2d69-428f-bd12-7e84761c11a8",
    "data": [
      {
        "text": "i am suffering from ",
        "userDefined": false
      },
      {
        "text": "fever",
        "meta": "@sys.ignore",
        "userDefined": false
      }
    ],
    "isTemplate": false,
    "count": 0,
    "updated": 1551568341
  },
  {
    "id": "468b7549-f3bd-4242-8a77-e3a67f95a04c",
    "data": [
      {
        "text": "I am having ",
        "userDefined": false
      },
      {
        "text": "fever",
        "meta": "@sys.ignore",
        "userDefined": false
      }
    ],
    "isTemplate": false,
    "count": 0,
    "updated": 1551568341
  }
]