[
  {
    "id": "2dc98469-463c-446a-abfc-872dea0d6b57",
    "data": [
      {
        "text": "होय मला थंड आहे",
        "userDefined": false
      }
    ],
    "isTemplate": false,
    "count": 0,
    "updated": 1551570642
  },
  {
    "id": "f634ebae-8ea3-49cd-bb29-d656e46f56b3",
    "data": [
      {
        "text": "yes",
        "alias": "response",
        "meta": "@response",
        "userDefined": false
      }
    ],
    "isTemplate": false,
    "count": 2,
    "updated": 1551504199
  }
]