[
  {
    "id": "844bc5a5-a68d-451f-a4ae-da874612cf7c",
    "data": [
      {
        "text": "होय मला डोकेदुखी आहे",
        "userDefined": false
      }
    ],
    "isTemplate": false,
    "count": 0,
    "updated": 1551570684
  },
  {
    "id": "efe35f25-6009-411c-9619-76b15f0598d8",
    "data": [
      {
        "text": "yes i am having headache",
        "userDefined": false
      }
    ],
    "isTemplate": false,
    "count": 0,
    "updated": 1551504640
  }
]