[
  {
    "id": "3f8e3f77-039c-4b8d-8842-dd769e14b90d",
    "data": [
      {
        "text": "good ",
        "userDefined": false
      },
      {
        "text": "food",
        "alias": "food",
        "meta": "@food",
        "userDefined": true
      },
      {
        "text": "?",
        "userDefined": false
      }
    ],
    "isTemplate": false,
    "count": 0,
    "updated": 1551257675
  },
  {
    "id": "1b2470ef-c654-4503-a831-ba3fbc50366d",
    "data": [
      {
        "text": "Which kind of foods have ",
        "userDefined": false
      },
      {
        "text": "low-calories",
        "alias": "food",
        "meta": "@food",
        "userDefined": true
      },
      {
        "text": "?",
        "userDefined": false
      }
    ],
    "isTemplate": false,
    "count": 0,
    "updated": 1551257569
  },
  {
    "id": "d6780aa7-4e40-42f7-9a57-44af3b455e48",
    "data": [
      {
        "text": "Foods that are important for a ",
        "userDefined": false
      },
      {
        "text": "balanced",
        "alias": "food",
        "meta": "@food",
        "userDefined": true
      },
      {
        "text": " diet?",
        "userDefined": false
      }
    ],
    "isTemplate": false,
    "count": 0,
    "updated": 1551257569
  },
  {
    "id": "25061eba-c79c-449d-82b8-238175f7ed48",
    "data": [
      {
        "text": "What kind of food is necessary for ",
        "userDefined": false
      },
      {
        "text": "losing",
        "alias": "food",
        "meta": "@food",
        "userDefined": true
      },
      {
        "text": " weight?",
        "userDefined": false
      }
    ],
    "isTemplate": false,
    "count": 0,
    "updated": 1551257569
  },
  {
    "id": "81633b25-0861-4308-b40d-cf542956181b",
    "data": [
      {
        "text": "Which kind of foods help in weight ",
        "userDefined": false
      },
      {
        "text": "loss",
        "alias": "food",
        "meta": "@food",
        "userDefined": true
      },
      {
        "text": "?",
        "userDefined": false
      }
    ],
    "isTemplate": false,
    "count": 0,
    "updated": 1551257569
  },
  {
    "id": "792e9238-bc96-4a25-9db2-13a0ea624ba5",
    "data": [
      {
        "text": "What are the foods to eat for weight ",
        "userDefined": false
      },
      {
        "text": "loss",
        "alias": "food",
        "meta": "@food",
        "userDefined": true
      },
      {
        "text": "?",
        "userDefined": false
      }
    ],
    "isTemplate": false,
    "count": 0,
    "updated": 1551257569
  },
  {
    "id": "770c0027-a689-4316-b360-a578addf3846",
    "data": [
      {
        "text": "What are the ideal foods to eat for a healthy ",
        "userDefined": false
      },
      {
        "text": "diet",
        "alias": "food",
        "meta": "@food",
        "userDefined": true
      },
      {
        "text": "?",
        "userDefined": false
      }
    ],
    "isTemplate": false,
    "count": 0,
    "updated": 1551257146
  }
]