[
  {
    "id": "4aeecf4a-ff31-4af6-a77c-52c7f9e049f5",
    "data": [
      {
        "text": "FAQ",
        "userDefined": false
      }
    ],
    "isTemplate": false,
    "count": 1,
    "updated": 1551520309
  },
  {
    "id": "9935b0b7-9a33-46e4-9376-08572c4fce4b",
    "data": [
      {
        "text": "doubt",
        "userDefined": false
      }
    ],
    "isTemplate": false,
    "count": 0,
    "updated": 1551520309
  },
  {
    "id": "7579a468-bcb9-406e-b484-c853f88521dd",
    "data": [
      {
        "text": "Have a doubt?",
        "userDefined": false
      }
    ],
    "isTemplate": false,
    "count": 1,
    "updated": 1551519492
  }
]