[
  {
    "id": "c629be10-2d97-4a9d-9282-655af5067c73",
    "data": [
      {
        "text": "हृदयरोग टाळण्यासाठी कोणीही प्रतिबंधक उपाय काय करू शकतो?",
        "userDefined": false
      }
    ],
    "isTemplate": false,
    "count": 0,
    "updated": 1551603310
  },
  {
    "id": "2409e372-5122-4699-9e1f-ec749227910a",
    "data": [
      {
        "text": "हृदयविकाराचा झटका",
        "userDefined": false
      }
    ],
    "isTemplate": false,
    "count": 0,
    "updated": 1551603310
  },
  {
    "id": "19249fbf-539a-4d13-938f-9df8b80c9ad3",
    "data": [
      {
        "text": "हृदयविकाराचा झटका टाळण्यासाठी मला काही टिप्स सांगा?",
        "userDefined": false
      }
    ],
    "isTemplate": false,
    "count": 0,
    "updated": 1551603310
  },
  {
    "id": "1e0ceb10-30ee-407f-8572-d7698abd5e33",
    "data": [
      {
        "text": "हृदयरोग",
        "userDefined": false
      }
    ],
    "isTemplate": false,
    "count": 0,
    "updated": 1551603310
  },
  {
    "id": "ec8b0e6e-2629-4bb1-b8d2-1c68a11cda13",
    "data": [
      {
        "text": "हृदय रोग टाळण्यासाठी टिप्स?",
        "userDefined": false
      }
    ],
    "isTemplate": false,
    "count": 0,
    "updated": 1551603310
  },
  {
    "id": "43abcc06-b18f-4af9-82d8-ddeaeba8696f",
    "data": [
      {
        "text": "tips to prevent heart disease ?",
        "userDefined": false
      }
    ],
    "isTemplate": false,
    "count": 0,
    "updated": 1551603310
  },
  {
    "id": "650996ea-841a-4a51-bc7c-b0203b8f888c",
    "data": [
      {
        "text": "heart disease",
        "userDefined": false
      }
    ],
    "isTemplate": false,
    "count": 0,
    "updated": 1551603310
  },
  {
    "id": "944a3fa3-0f65-45af-a01a-a883731fc22b",
    "data": [
      {
        "text": "tell me some tips to prevent heart attack ?",
        "userDefined": false
      }
    ],
    "isTemplate": false,
    "count": 0,
    "updated": 1551603310
  },
  {
    "id": "dc536b36-fd4a-4d19-8fff-7ae81faaf328",
    "data": [
      {
        "text": "Heart attack?",
        "userDefined": false
      }
    ],
    "isTemplate": false,
    "count": 0,
    "updated": 1551603310
  },
  {
    "id": "e65d807f-648f-4763-bfb6-eb0e2ef22f86",
    "data": [
      {
        "text": "what are the preventive measures one can take to prevent heart disease?",
        "userDefined": false
      }
    ],
    "isTemplate": false,
    "count": 0,
    "updated": 1551603310
  },
  {
    "id": "00ca3289-d869-4637-bf2e-368c5a76bb96",
    "data": [
      {
        "text": "tips to prevent a heart attack?",
        "userDefined": false
      }
    ],
    "isTemplate": false,
    "count": 0,
    "updated": 1551603310
  }
]