[
  {
    "id": "dde25058-3a3c-4009-b5bc-b10f83115642",
    "data": [
      {
        "text": "जवळील रुग्णालये",
        "userDefined": false
      }
    ],
    "isTemplate": false,
    "count": 0,
    "updated": 1551609525
  },
  {
    "id": "f3924020-1f17-4f2e-b289-5cf6a93df0ad",
    "data": [
      {
        "text": "hospitals near by",
        "userDefined": false
      }
    ],
    "isTemplate": false,
    "count": 0,
    "updated": 1551609525
  },
  {
    "id": "be960bca-5c0f-4fd5-9b32-a85db27ef4a2",
    "data": [
      {
        "text": "माझ्या जवळचे रुग्णालये",
        "userDefined": false
      }
    ],
    "isTemplate": false,
    "count": 0,
    "updated": 1551609525
  },
  {
    "id": "01706763-48d8-4eaf-94e4-cc28c479c810",
    "data": [
      {
        "text": "hospitals near me",
        "userDefined": false
      }
    ],
    "isTemplate": false,
    "count": 0,
    "updated": 1551609525
  },
  {
    "id": "2d91869f-1958-44ba-944f-3e85e549b369",
    "data": [
      {
        "text": "hospital",
        "userDefined": false
      }
    ],
    "isTemplate": false,
    "count": 0,
    "updated": 1551609525
  },
  {
    "id": "c50552cb-2dd9-47ca-b4f7-b9970c276666",
    "data": [
      {
        "text": "hospitals",
        "userDefined": false
      }
    ],
    "isTemplate": false,
    "count": 0,
    "updated": 1551609525
  },
  {
    "id": "a3311be4-5699-4b6e-a3b4-0be61bb65281",
    "data": [
      {
        "text": "हॉस्पिटल",
        "userDefined": false
      }
    ],
    "isTemplate": false,
    "count": 0,
    "updated": 1551609525
  },
  {
    "id": "c433ca62-8cd4-4d49-a94b-2e3d96bb6848",
    "data": [
      {
        "text": "रुग्णालये",
        "userDefined": false
      }
    ],
    "isTemplate": false,
    "count": 0,
    "updated": 1551609525
  }
]