[
  {
    "id": "748fb2e6-f56e-433c-a0c4-12cd8901494e",
    "data": [
      {
        "text": "Ovulator protection kit",
        "userDefined": false
      }
    ],
    "isTemplate": false,
    "count": 0,
    "updated": 1551580276
  },
  {
    "id": "f2af8144-a5d8-497b-8be1-57eae3ca09d7",
    "data": [
      {
        "text": "OPK",
        "userDefined": false
      }
    ],
    "isTemplate": false,
    "count": 0,
    "updated": 1551580276
  },
  {
    "id": "ca44db73-0019-4d2b-bbaf-7b7ba30fd085",
    "data": [
      {
        "text": "Next Question",
        "userDefined": false
      }
    ],
    "isTemplate": false,
    "count": 0,
    "updated": 1551577326
  }
]