[
  {
    "id": "e310be27-094a-44ee-b098-9d46660dc186",
    "data": [
      {
        "text": "OPK3",
        "userDefined": false
      }
    ],
    "isTemplate": false,
    "count": 0,
    "updated": 1551593797
  },
  {
    "id": "4f4315d1-485f-449f-8136-aab26f70ed6c",
    "data": [
      {
        "text": "ovulator prediction kit",
        "userDefined": false
      }
    ],
    "isTemplate": false,
    "count": 0,
    "updated": 1551579203
  },
  {
    "id": "b41b2909-e1e3-4c9d-bc15-3b152de299f4",
    "data": [
      {
        "text": "Get results",
        "userDefined": false
      }
    ],
    "isTemplate": false,
    "count": 0,
    "updated": 1551593797
  }
]