[
  {
    "id": "1120fd32-1d08-42ac-b6e1-3b685a0aa351",
    "data": [
      {
        "text": "Pregnancy test",
        "userDefined": false
      }
    ],
    "isTemplate": false,
    "count": 0,
    "updated": 1551515214
  },
  {
    "id": "3cc49558-8359-4eb1-878b-ae374f1e153b",
    "data": [
      {
        "text": "Am I pregnant?",
        "userDefined": false
      }
    ],
    "isTemplate": false,
    "count": 0,
    "updated": 1551515214
  },
  {
    "id": "c3cecb1c-2035-4990-b8ae-cec08878110c",
    "data": [
      {
        "text": "I am pregnant or not",
        "userDefined": false
      }
    ],
    "isTemplate": false,
    "count": 0,
    "updated": 1551515214
  },
  {
    "id": "aa133d75-7579-43d3-be02-2a749c8b4e0d",
    "data": [
      {
        "text": "pregnant",
        "userDefined": false
      }
    ],
    "isTemplate": false,
    "count": 0,
    "updated": 1551515214
  },
  {
    "id": "76bb1c6f-e0f5-4c2a-857b-a213afc7bb26",
    "data": [
      {
        "text": "I want  a pregnancy test.",
        "userDefined": false
      }
    ],
    "isTemplate": false,
    "count": 0,
    "updated": 1551515214
  },
  {
    "id": "a3e46d2b-b018-4f3b-bbef-27aa2d76f63c",
    "data": [
      {
        "text": "I am doubtful whether I am pregnant.",
        "userDefined": false
      }
    ],
    "isTemplate": false,
    "count": 0,
    "updated": 1551515214
  },
  {
    "id": "133256cd-87da-4cad-b1f3-8f5dfbbaa5ed",
    "data": [
      {
        "text": "I want to know whether I am pregnant.",
        "userDefined": false
      }
    ],
    "isTemplate": false,
    "count": 0,
    "updated": 1551515214
  }
]