[
  {
    "id": "3bc76c0a-cceb-4aaa-946f-b877c6e6eb1e",
    "data": [
      {
        "text": "जुनाट",
        "userDefined": false
      }
    ],
    "isTemplate": false,
    "count": 0,
    "updated": 1551573190
  },
  {
    "id": "e849030b-38e9-41e0-a84c-606624790081",
    "data": [
      {
        "text": "तीव्र",
        "userDefined": false
      }
    ],
    "isTemplate": false,
    "count": 0,
    "updated": 1551573190
  },
  {
    "id": "65d8beaf-eadf-406b-be72-6729926af0c9",
    "data": [
      {
        "text": "chronic",
        "userDefined": false
      }
    ],
    "isTemplate": false,
    "count": 0,
    "updated": 1551573190
  },
  {
    "id": "e43fe719-79b2-4ee0-8808-442c1219545f",
    "data": [
      {
        "text": "acute",
        "userDefined": false
      }
    ],
    "isTemplate": false,
    "count": 0,
    "updated": 1551499545
  }
]