[
  {
    "id": "37473e9e-c9d8-4e1f-b407-7df03b89629a",
    "data": [
      {
        "text": "hello i am ",
        "userDefined": false
      },
      {
        "text": "anushka",
        "alias": "given-name",
        "meta": "@sys.given-name",
        "userDefined": false
      },
      {
        "text": " ",
        "userDefined": false
      },
      {
        "text": "on 4 march",
        "alias": "date",
        "meta": "@sys.date",
        "userDefined": false
      }
    ],
    "isTemplate": false,
    "count": 0,
    "updated": 1551570962
  },
  {
    "id": "db2c1f1f-c17f-477b-b250-c0c6db66bd64",
    "data": [
      {
        "text": "show",
        "userDefined": false
      }
    ],
    "isTemplate": false,
    "count": 0,
    "updated": 1551317339
  }
]