[
  {
    "id": "f3c95d6d-3118-4441-9c3d-dc8afb7e7226",
    "data": [
      {
        "text": "specialist?",
        "alias": "Specialist",
        "meta": "@Specialist",
        "userDefined": true
      }
    ],
    "isTemplate": false,
    "count": 0,
    "updated": 1551110965
  },
  {
    "id": "b949b1ab-bb47-4dd9-ad87-d8d2dd0913a4",
    "data": [
      {
        "text": "Are ",
        "userDefined": false
      },
      {
        "text": "gynaecologists",
        "alias": "Specialist",
        "meta": "@Specialist",
        "userDefined": false
      },
      {
        "text": " available?",
        "userDefined": false
      }
    ],
    "isTemplate": false,
    "count": 0,
    "updated": 1551110965
  },
  {
    "id": "99b3814c-ebdc-44d5-abdf-2df2312ca813",
    "data": [
      {
        "text": "Do you have a ",
        "userDefined": false
      },
      {
        "text": "nutritionist",
        "alias": "Specialist",
        "meta": "@Specialist",
        "userDefined": false
      },
      {
        "text": "?",
        "userDefined": false
      }
    ],
    "isTemplate": false,
    "count": 0,
    "updated": 1551110965
  },
  {
    "id": "bd6e703f-cf43-4e8e-860e-3ab38d8ff1da",
    "data": [
      {
        "text": "Do you have ",
        "userDefined": false
      },
      {
        "text": "specialists",
        "alias": "Specialist",
        "meta": "@Specialist",
        "userDefined": true
      },
      {
        "text": "?",
        "userDefined": false
      }
    ],
    "isTemplate": false,
    "count": 0,
    "updated": 1551110965
  }
]