[
  {
    "id": "f9bc2be4-f574-4c5b-b541-2379e9b79e2f",
    "data": [
      {
        "text": "नाही मला थायरॉईड नाही",
        "userDefined": false
      }
    ],
    "isTemplate": false,
    "count": 0,
    "updated": 1551542381
  },
  {
    "id": "2d091cb3-e7d8-4392-82a3-a0cf454bcb35",
    "data": [
      {
        "text": "होय मला थायरॉईड आहे",
        "userDefined": false
      }
    ],
    "isTemplate": false,
    "count": 0,
    "updated": 1551542381
  },
  {
    "id": "6b5b3c05-9dd4-43f3-a9b0-464753c91fa6",
    "data": [
      {
        "text": "No",
        "alias": "response",
        "meta": "@response",
        "userDefined": false
      },
      {
        "text": " i dont have thyroid",
        "userDefined": false
      }
    ],
    "isTemplate": false,
    "count": 0,
    "updated": 1551521070
  },
  {
    "id": "e55f70ae-64eb-4c15-98b4-6592b4778e1e",
    "data": [
      {
        "text": "i have thyroid",
        "userDefined": false
      }
    ],
    "isTemplate": false,
    "count": 1,
    "updated": 1551521070
  },
  {
    "id": "36251e23-e18b-4dfb-ba65-e22f32b805a0",
    "data": [
      {
        "text": "Yes",
        "alias": "response",
        "meta": "@response",
        "userDefined": false
      },
      {
        "text": " i am having thryroid",
        "userDefined": false
      }
    ],
    "isTemplate": false,
    "count": 0,
    "updated": 1551521070
  }
]