[
  {
    "id": "41d69128-e2be-4a45-ac78-b889ff850d94",
    "data": [
      {
        "text": "डॉ  शिवांगी बात्रा",
        "userDefined": false
      }
    ],
    "isTemplate": false,
    "count": 0,
    "updated": 1551551206
  },
  {
    "id": "a827011f-ae6a-498d-b5c1-000456e8616c",
    "data": [
      {
        "text": "डॉ रोहित मेहरा",
        "userDefined": false
      }
    ],
    "isTemplate": false,
    "count": 0,
    "updated": 1551551206
  },
  {
    "id": "3f555c05-219f-4e47-b13f-31312125590f",
    "data": [
      {
        "text": "डॉ गगन",
        "userDefined": false
      }
    ],
    "isTemplate": false,
    "count": 0,
    "updated": 1551546362
  },
  {
    "id": "bdb40efc-82f0-40fc-8dd2-2afe75162398",
    "data": [
      {
        "text": "डॉ सुश्री गुप्ता",
        "userDefined": false
      }
    ],
    "isTemplate": false,
    "count": 0,
    "updated": 1551546362
  },
  {
    "id": "bd42ff93-4f00-4606-b882-6a540335924e",
    "data": [
      {
        "text": "डॉ ममता बॅनर्जी",
        "userDefined": false
      }
    ],
    "isTemplate": false,
    "count": 0,
    "updated": 1551541530
  },
  {
    "id": "1116bced-deab-4618-b1b7-95e85d3a328b",
    "data": [
      {
        "text": "डॉ सुधीर सेठ",
        "userDefined": false
      }
    ],
    "isTemplate": false,
    "count": 0,
    "updated": 1551541530
  },
  {
    "id": "5c75f38f-4c66-4665-86bb-ca8d0e6cc686",
    "data": [
      {
        "text": "Dr. Mamta Banerjee",
        "userDefined": false
      }
    ],
    "isTemplate": false,
    "count": 0,
    "updated": 1551520795
  },
  {
    "id": "f6cdbbe0-8123-4e3d-b1b0-719b91185925",
    "data": [
      {
        "text": "Dr. Sudhir Seth",
        "userDefined": false
      }
    ],
    "isTemplate": false,
    "count": 0,
    "updated": 1551520795
  },
  {
    "id": "0e4a11b9-26e3-4139-a3e0-66e9be737302",
    "data": [
      {
        "text": "simran",
        "userDefined": false
      }
    ],
    "isTemplate": false,
    "count": 0,
    "updated": 1551247376
  },
  {
    "id": "257db59a-edba-48fb-a0e1-49ffd0346f4f",
    "data": [
      {
        "text": "palak",
        "userDefined": false
      }
    ],
    "isTemplate": false,
    "count": 0,
    "updated": 1551247376
  },
  {
    "id": "01109ba7-fcf2-452b-9b0c-eaca5adc4de8",
    "data": [
      {
        "text": "reena gupta",
        "userDefined": false
      }
    ],
    "isTemplate": false,
    "count": 0,
    "updated": 1550749228
  },
  {
    "id": "614ebab5-6eb5-4094-b515-5922587023ed",
    "data": [
      {
        "text": "rajeev",
        "alias": "given-name",
        "meta": "@sys.given-name",
        "userDefined": false
      },
      {
        "text": " ",
        "userDefined": false
      },
      {
        "text": "malik",
        "alias": "last-name",
        "meta": "@sys.last-name",
        "userDefined": false
      }
    ],
    "isTemplate": false,
    "count": 0,
    "updated": 1550749228
  }
]