[
  {
    "id": "a17934ed-de4c-4f1a-8479-50b9b581f0d2",
    "data": [
      {
        "text": "availability",
        "alias": "availability",
        "meta": "@availability",
        "userDefined": true
      },
      {
        "text": "?",
        "userDefined": false
      }
    ],
    "isTemplate": false,
    "count": 0,
    "updated": 1551208161
  },
  {
    "id": "c721a46f-4c4a-4a5a-b918-537d58de06ef",
    "data": [
      {
        "text": "Tell me the ",
        "userDefined": false
      },
      {
        "text": "timings",
        "alias": "availability",
        "meta": "@availability",
        "userDefined": true
      },
      {
        "text": " during which the doctors would be available?",
        "userDefined": false
      }
    ],
    "isTemplate": false,
    "count": 0,
    "updated": 1551112491
  },
  {
    "id": "76385229-ac98-43f8-876b-d499082a5c1a",
    "data": [
      {
        "text": "At what time would the doctors be ",
        "userDefined": false
      },
      {
        "text": "available",
        "alias": "availability",
        "meta": "@availability",
        "userDefined": true
      },
      {
        "text": "?",
        "userDefined": false
      }
    ],
    "isTemplate": false,
    "count": 0,
    "updated": 1551112491
  },
  {
    "id": "3fd8b623-5196-4bea-8091-0ae0c35d356a",
    "data": [
      {
        "text": "What are the service ",
        "userDefined": false
      },
      {
        "text": "timings",
        "alias": "availability",
        "meta": "@availability",
        "userDefined": true
      },
      {
        "text": "?",
        "userDefined": false
      }
    ],
    "isTemplate": false,
    "count": 0,
    "updated": 1551112491
  }
]