[
  {
    "id": "79e339db-bd85-4093-b998-ac12a8bac0f9",
    "data": [
      {
        "text": "Get results",
        "userDefined": false
      }
    ],
    "isTemplate": false,
    "count": 0,
    "updated": 1551594907
  },
  {
    "id": "a6d98615-9d72-49a6-aa6f-b09ed40d879b",
    "data": [
      {
        "text": "BBTCurve",
        "userDefined": false
      }
    ],
    "isTemplate": false,
    "count": 0,
    "updated": 1551594005
  },
  {
    "id": "fdef01cf-279d-4d8d-96ff-2707239a7c98",
    "data": [
      {
        "text": "Using a BBT  curve",
        "userDefined": false
      }
    ],
    "isTemplate": false,
    "count": 0,
    "updated": 1551578980
  }
]