[
  {
    "id": "2b8a88a7-cc45-4ed6-b2f4-b18490ef99a3",
    "data": [
      {
        "text": "व्हिटॅमिन",
        "userDefined": false
      }
    ],
    "isTemplate": false,
    "count": 0,
    "updated": 1551608681
  },
  {
    "id": "bcec46dd-f189-4a72-9cb2-923d7cc746cf",
    "data": [
      {
        "text": "vitamin rich ",
        "userDefined": false
      },
      {
        "text": "foods",
        "alias": "food",
        "meta": "@food",
        "userDefined": false
      },
      {
        "text": "?",
        "userDefined": false
      }
    ],
    "isTemplate": false,
    "count": 0,
    "updated": 1551262873
  },
  {
    "id": "8397bd26-53a0-4065-a9aa-71ab66c78a54",
    "data": [
      {
        "text": "Vitamins?",
        "userDefined": false
      }
    ],
    "isTemplate": false,
    "count": 0,
    "updated": 1551608681
  },
  {
    "id": "945f2a07-46ae-451a-815d-d04a99016623",
    "data": [
      {
        "text": "How to prevent vitamin deficiency?",
        "userDefined": false
      }
    ],
    "isTemplate": false,
    "count": 0,
    "updated": 1551262873
  },
  {
    "id": "93b9feeb-850d-4435-8d39-ba387887977b",
    "data": [
      {
        "text": "Tell me some vitamin-rich  ",
        "userDefined": false
      },
      {
        "text": "foods",
        "alias": "food",
        "meta": "@food",
        "userDefined": false
      },
      {
        "text": "?",
        "userDefined": false
      }
    ],
    "isTemplate": false,
    "count": 0,
    "updated": 1551262873
  }
]