[
  {
    "id": "a267549b-2c2c-4cc8-8ad9-60e46fd001d3",
    "data": [
      {
        "text": "अहो",
        "userDefined": false
      }
    ],
    "isTemplate": false,
    "count": 0,
    "updated": 1551571881
  },
  {
    "id": "93c60dcc-f0d1-4ed3-97d8-7da6439465f3",
    "data": [
      {
        "text": "hey",
        "userDefined": false
      }
    ],
    "isTemplate": false,
    "count": 0,
    "updated": 1551571881
  },
  {
    "id": "5eb05834-95d3-4934-92c1-f2661f84c0c1",
    "data": [
      {
        "text": "हाय",
        "userDefined": false
      }
    ],
    "isTemplate": false,
    "count": 0,
    "updated": 1551539379
  },
  {
    "id": "c32f3813-9742-4b28-b711-6ef432a4d8a6",
    "data": [
      {
        "text": "हॅलो",
        "userDefined": false
      }
    ],
    "isTemplate": false,
    "count": 0,
    "updated": 1551539379
  },
  {
    "id": "e2a3c293-5928-4ddf-b95e-5919352d8e06",
    "data": [
      {
        "text": "hi",
        "userDefined": false
      }
    ],
    "isTemplate": false,
    "count": 0,
    "updated": 1551510017
  },
  {
    "id": "eeb37900-66c2-4f84-9e47-a91c4af3cf83",
    "data": [
      {
        "text": "hello",
        "userDefined": false
      }
    ],
    "isTemplate": false,
    "count": 0,
    "updated": 1551510017
  }
]