[
  {
    "value": "diet during pregnancy",
    "synonyms": [
      "diet during pregnancy",
      "prefered food during pregnancy",
      "food to eat during pregnancy",
      "diet to follow in pregnancy",
      "pregnancy diet and nutrition"
    ]
  },
  {
    "value": "food to avoid during pregnancy",
    "synonyms": [
      "food not to have during pregnancy",
      "harmful food during pregnancy"
    ]
  },
  {
    "value": "Doable",
    "synonyms": [
      "Doable activites during pregnancy"
    ]
  },
  {
    "value": "pregnancy pain",
    "synonyms": [
      "pregnancy pain",
      "pain during pregnancy",
      "discomfort during pregnancy"
    ]
  }
]