[
  {
    "value": "losing",
    "synonyms": [
      "losing"
    ]
  },
  {
    "value": "lose",
    "synonyms": [
      "lose"
    ]
  },
  {
    "value": "balanced",
    "synonyms": [
      "balanced"
    ]
  },
  {
    "value": "diet",
    "synonyms": [
      "diet"
    ]
  },
  {
    "value": "low-calories",
    "synonyms": [
      "low-calories"
    ]
  },
  {
    "value": "loss",
    "synonyms": [
      "loss"
    ]
  },
  {
    "value": "food",
    "synonyms": [
      "food"
    ]
  },
  {
    "value": "losing weight",
    "synonyms": [
      "losing weight"
    ]
  }
]