[
  {
    "value": "०",
    "synonyms": [
      "०"
    ]
  },
  {
    "value": "१",
    "synonyms": [
      "१"
    ]
  },
  {
    "value": "२",
    "synonyms": [
      "२"
    ]
  },
  {
    "value": "३",
    "synonyms": [
      "३"
    ]
  },
  {
    "value": "४",
    "synonyms": [
      "४"
    ]
  },
  {
    "value": "५",
    "synonyms": [
      "५"
    ]
  },
  {
    "value": "६",
    "synonyms": [
      "६"
    ]
  },
  {
    "value": "७",
    "synonyms": [
      "७"
    ]
  },
  {
    "value": "८",
    "synonyms": [
      "८"
    ]
  },
  {
    "value": "९",
    "synonyms": [
      "९"
    ]
  }
]