[
  {
    "value": "physician",
    "synonyms": [
      "physician"
    ]
  },
  {
    "value": "gynaecologists",
    "synonyms": [
      "gynaecologists"
    ]
  },
  {
    "value": "psychologists",
    "synonyms": [
      "psychologists"
    ]
  },
  {
    "value": "nutritionist",
    "synonyms": [
      "nutritionist"
    ]
  },
  {
    "value": "dentist",
    "synonyms": [
      "dentist"
    ]
  },
  {
    "value": "dermatologist",
    "synonyms": [
      "dermatologist"
    ]
  },
  {
    "value": "specialists",
    "synonyms": [
      "specialists"
    ]
  }
]